iteration,s.x,s.y,x.x,x.y
0,0.00,-0.20,0.0000,-0.0040
1,0.00,-0.40,0.0000,-0.0120
2,0.00,-0.60,0.0000,-0.0240
3,0.00,-0.80,0.0000,-0.0400
4,0.00,-1.00,0.0000,-0.0600
5,0.00,-1.20,0.0000,-0.0840
6,0.00,-1.40,0.0000,-0.1120
7,0.00,-1.60,0.0000,-0.1440
8,0.00,-1.80,0.0000,-0.1800
9,0.00,-2.00,0.0000,-0.2200
10,0.00,-2.20,0.0000,-0.2640
11,0.00,-2.40,0.0000,-0.3120
12,0.00,-2.60,0.0000,-0.3640
13,0.00,-2.80,0.0000,-0.4200
14,0.00,-3.00,0.0000,-0.4800
15,0.00,-3.20,0.0000,-0.5440
16,0.00,-3.40,0.0000,-0.6120
17,0.00,-3.60,0.0000,-0.6840
18,0.0000000000,3.8000000000,0.000000,-0.7400000000000000000000000002
19,0.0000000000,3.6000000000,0.000000000000,-0.6680000000000000000000000002
20,0.0000000000,3.4000000000,0.000000000000,-0.6000000000000000000000000002
21,0.0000000000,3.2000000000,0.000000000000,-0.5360000000000000000000000002
22,0.0000000000,3.0000000000,0.000000000000,-0.4760000000000000000000000002
23,0.0000000000,2.8000000000,0.000000000000,-0.4200000000000000000000000002
24,0.0000000000,2.6000000000,0.000000000000,-0.3680000000000000000000000002
25,0.0000000000,2.4000000000,0.000000000000,-0.3200000000000000000000000002
26,0.0000000000,2.2000000000,0.000000000000,-0.2760000000000000000000000002
27,0.0000000000,2.0000000000,0.000000000000,-0.2360000000000000000000000002
28,0.0000000000,1.8000000000,0.000000000000,-0.2000000000000000000000000002
29,0.0000000000,1.6000000000,0.000000000000,-0.1680000000000000000000000002
30,0.0000000000,1.4000000000,0.000000000000,-0.1400000000000000000000000002
31,0.0000000000,1.2000000000,0.000000000000,-0.1160000000000000000000000002
32,0.0000000000,1.0000000000,0.000000000000,-0.0960000000000000000000000002
33,0.0000000000,0.8000000000,0.000000000000,-0.0800000000000000000000000002
34,0.0000000000,0.6000000000,0.000000000000,-0.0680000000000000000000000002
35,0.0000000000,0.4000000000,0.000000000000,-0.0600000000000000000000000002
36,0.0000000000,0.2000000000,0.000000000000,-0.0560000000000000000000000002
37,0.0000000000,0.0000000000,0.000000000000,-0.0560000000000000000000000002
38,0.0000000000,-0.2000000000,0.000000000000,-0.0600000000000000000000000002
39,0.0000000000,-0.4000000000,0.000000000000,-0.0680000000000000000000000002
40,0.0000000000,-0.6000000000,0.000000000000,-0.0800000000000000000000000002
41,0.0000000000,-0.8000000000,0.000000000000,-0.0960000000000000000000000002
42,0.0000000000,-1.0000000000,0.000000000000,-0.1160000000000000000000000002
43,0.0000000000,-1.2000000000,0.000000000000,-0.1400000000000000000000000002
44,0.0000000000,-1.4000000000,0.000000000000,-0.1680000000000000000000000002
45,0.0000000000,-1.6000000000,0.000000000000,-0.2000000000000000000000000002
46,0.0000000000,-1.8000000000,0.000000000000,-0.2360000000000000000000000002
47,0.0000000000,-2.0000000000,0.000000000000,-0.2760000000000000000000000002
48,0.0000000000,-2.2000000000,0.000000000000,-0.3200000000000000000000000002
49,0.0000000000,-2.4000000000,0.000000000000,-0.3680000000000000000000000002
50,0.0000000000,-2.6000000000,0.000000000000,-0.4200000000000000000000000002
51,0.0000000000,-2.8000000000,0.000000000000,-0.4760000000000000000000000002
52,0.0000000000,-3.0000000000,0.000000000000,-0.5360000000000000000000000002
53,0.0000000000,-3.2000000000,0.000000000000,-0.6000000000000000000000000002
54,0.0000000000,-3.4000000000,0.000000000000,-0.6680000000000000000000000002
55,0.0000000000,-3.6000000000,0.000000000000,-0.7400000000000000000000000002
56,0,3.8000000000000000000000000000,0.0000000000000000000000000000,-0.6839999999999999999999999998
57,0.00,3.6000000000000000000000000000,0.0000000000000000000000000000,-0.6119999999999999999999999998
58,0.00,3.4000000000000000000000000000,0.0000000000000000000000000000,-0.5439999999999999999999999998
59,0.00,3.2000000000000000000000000000,0.0000000000000000000000000000,-0.4799999999999999999999999998
60,0.00,3.0000000000000000000000000000,0.0000000000000000000000000000,-0.4199999999999999999999999998
61,0.00,2.8000000000000000000000000000,0.0000000000000000000000000000,-0.3639999999999999999999999998
62,0.00,2.6000000000000000000000000000,0.0000000000000000000000000000,-0.3119999999999999999999999998
63,0.00,2.4000000000000000000000000000,0.0000000000000000000000000000,-0.2639999999999999999999999998
64,0.00,2.2000000000000000000000000000,0.0000000000000000000000000000,-0.2199999999999999999999999998
65,0.00,2.0000000000000000000000000000,0.0000000000000000000000000000,-0.1799999999999999999999999998
66,0.00,1.8000000000000000000000000000,0.0000000000000000000000000000,-0.1439999999999999999999999998
67,0.00,1.6000000000000000000000000000,0.0000000000000000000000000000,-0.1119999999999999999999999998
68,0.00,1.4000000000000000000000000000,0.0000000000000000000000000000,-0.0839999999999999999999999998
69,0.00,1.2000000000000000000000000000,0.0000000000000000000000000000,-0.0599999999999999999999999998
70,0.00,1.0000000000000000000000000000,0.0000000000000000000000000000,-0.0399999999999999999999999998
71,0.00,0.8000000000000000000000000000,0.0000000000000000000000000000,-0.0239999999999999999999999998
72,0.00,0.6000000000000000000000000000,0.0000000000000000000000000000,-0.0119999999999999999999999998
73,0.00,0.4000000000000000000000000000,0.0000000000000000000000000000,-0.0039999999999999999999999998
74,0.00,0.2000000000000000000000000000,0.0000000000000000000000000000,0.0000000000000000000000000002
75,0.00,0.0000000000000000000000000000,0.0000000000000000000000000000,0.0000000000000000000000000002
76,0.00,-0.2000000000000000000000000000,0.0000000000000000000000000000,-0.0039999999999999999999999998
77,0.00,-0.4000000000000000000000000000,0.0000000000000000000000000000,-0.0119999999999999999999999998
78,0.00,-0.6000000000000000000000000000,0.0000000000000000000000000000,-0.0239999999999999999999999998
79,0.00,-0.8000000000000000000000000000,0.0000000000000000000000000000,-0.0399999999999999999999999998
80,0.00,-1.0000000000000000000000000000,0.0000000000000000000000000000,-0.0599999999999999999999999998
81,0.00,-1.2000000000000000000000000000,0.0000000000000000000000000000,-0.0839999999999999999999999998
82,0.00,-1.4000000000000000000000000000,0.0000000000000000000000000000,-0.1119999999999999999999999998
83,0.00,-1.6000000000000000000000000000,0.0000000000000000000000000000,-0.1439999999999999999999999998
84,0.00,-1.8000000000000000000000000000,0.0000000000000000000000000000,-0.1799999999999999999999999998
85,0.00,-2.0000000000000000000000000000,0.0000000000000000000000000000,-0.2199999999999999999999999998
86,0.00,-2.2000000000000000000000000000,0.0000000000000000000000000000,-0.2639999999999999999999999998
87,0.00,-2.4000000000000000000000000000,0.0000000000000000000000000000,-0.3119999999999999999999999998
88,0.00,-2.6000000000000000000000000000,0.0000000000000000000000000000,-0.3639999999999999999999999998
89,0.00,-2.8000000000000000000000000000,0.0000000000000000000000000000,-0.4199999999999999999999999998
90,0.00,-3.0000000000000000000000000000,0.0000000000000000000000000000,-0.4799999999999999999999999998
91,0.00,-3.2000000000000000000000000000,0.0000000000000000000000000000,-0.5439999999999999999999999998
92,0.00,-3.4000000000000000000000000000,0.0000000000000000000000000000,-0.6119999999999999999999999998
93,0.00,-3.6000000000000000000000000000,0.0000000000000000000000000000,-0.6839999999999999999999999998
94,0,3.8000000000000000000000000000,0.000,-0.7400000000000000000000000002
95,0.00,3.6000000000000000000000000000,0.0000,-0.6680000000000000000000000002
96,0.00,3.4000000000000000000000000000,0.0000,-0.6000000000000000000000000002
97,0.00,3.2000000000000000000000000000,0.0000,-0.5360000000000000000000000002
98,0.00,3.0000000000000000000000000000,0.0000,-0.4760000000000000000000000002
99,0.00,2.8000000000000000000000000000,0.0000,-0.4200000000000000000000000002
100,0.00,2.6000000000000000000000000000,0.0000,-0.3680000000000000000000000002
101,0.00,2.4000000000000000000000000000,0.0000,-0.3200000000000000000000000002
102,0.00,2.2000000000000000000000000000,0.0000,-0.2760000000000000000000000002
103,0.00,2.0000000000000000000000000000,0.0000,-0.2360000000000000000000000002
104,0.00,1.8000000000000000000000000000,0.0000,-0.2000000000000000000000000002
105,0.00,1.6000000000000000000000000000,0.0000,-0.1680000000000000000000000002
106,0.00,1.4000000000000000000000000000,0.0000,-0.1400000000000000000000000002
107,0.00,1.2000000000000000000000000000,0.0000,-0.1160000000000000000000000002
108,0.00,1.0000000000000000000000000000,0.0000,-0.0960000000000000000000000002
109,0.00,0.8000000000000000000000000000,0.0000,-0.0800000000000000000000000002
110,0.00,0.6000000000000000000000000000,0.0000,-0.0680000000000000000000000002
111,0.00,0.4000000000000000000000000000,0.0000,-0.0600000000000000000000000002
112,0.00,0.2000000000000000000000000000,0.0000,-0.0560000000000000000000000002
113,0.00,0.0000000000000000000000000000,0.0000,-0.0560000000000000000000000002
114,0.00,-0.2000000000000000000000000000,0.0000,-0.0600000000000000000000000002
115,0.00,-0.4000000000000000000000000000,0.0000,-0.0680000000000000000000000002
116,0.00,-0.6000000000000000000000000000,0.0000,-0.0800000000000000000000000002
117,0.00,-0.8000000000000000000000000000,0.0000,-0.0960000000000000000000000002
118,0.00,-1.0000000000000000000000000000,0.0000,-0.1160000000000000000000000002
119,0.00,-1.2000000000000000000000000000,0.0000,-0.1400000000000000000000000002
120,0.00,-1.4000000000000000000000000000,0.0000,-0.1680000000000000000000000002
121,0.00,-1.6000000000000000000000000000,0.0000,-0.2000000000000000000000000002
122,0.00,-1.8000000000000000000000000000,0.0000,-0.2360000000000000000000000002
123,0.00,-2.0000000000000000000000000000,0.0000,-0.2760000000000000000000000002
124,0.00,-2.2000000000000000000000000000,0.0000,-0.3200000000000000000000000002
125,0.00,-2.4000000000000000000000000000,0.0000,-0.3680000000000000000000000002
126,0.00,-2.6000000000000000000000000000,0.0000,-0.4200000000000000000000000002
127,0.00,-2.8000000000000000000000000000,0.0000,-0.4760000000000000000000000002
128,0.00,-3.0000000000000000000000000000,0.0000,-0.5360000000000000000000000002
129,0.00,-3.2000000000000000000000000000,0.0000,-0.6000000000000000000000000002
130,0.00,-3.4000000000000000000000000000,0.0000,-0.6680000000000000000000000002
131,0.00,-3.6000000000000000000000000000,0.0000,-0.7400000000000000000000000002
132,0,3.8000000000000000000000000000,0.000,-0.6839999999999999999999999998
133,0.00,3.6000000000000000000000000000,0.0000,-0.6119999999999999999999999998
134,0.00,3.4000000000000000000000000000,0.0000,-0.5439999999999999999999999998
135,0.00,3.2000000000000000000000000000,0.0000,-0.4799999999999999999999999998
136,0.00,3.0000000000000000000000000000,0.0000,-0.4199999999999999999999999998
137,0.00,2.8000000000000000000000000000,0.0000,-0.3639999999999999999999999998
138,0.00,2.6000000000000000000000000000,0.0000,-0.3119999999999999999999999998
139,0.00,2.4000000000000000000000000000,0.0000,-0.2639999999999999999999999998
140,0.00,2.2000000000000000000000000000,0.0000,-0.2199999999999999999999999998
141,0.00,2.0000000000000000000000000000,0.0000,-0.1799999999999999999999999998
142,0.00,1.8000000000000000000000000000,0.0000,-0.1439999999999999999999999998
143,0.00,1.6000000000000000000000000000,0.0000,-0.1119999999999999999999999998
144,0.00,1.4000000000000000000000000000,0.0000,-0.0839999999999999999999999998
145,0.00,1.2000000000000000000000000000,0.0000,-0.0599999999999999999999999998
146,0.00,1.0000000000000000000000000000,0.0000,-0.0399999999999999999999999998
147,0.00,0.8000000000000000000000000000,0.0000,-0.0239999999999999999999999998
148,0.00,0.6000000000000000000000000000,0.0000,-0.0119999999999999999999999998
149,0.00,0.4000000000000000000000000000,0.0000,-0.0039999999999999999999999998
150,0.00,0.2000000000000000000000000000,0.0000,0.0000000000000000000000000002
151,0.00,0.0000000000000000000000000000,0.0000,0.0000000000000000000000000002
152,0.00,-0.2000000000000000000000000000,0.0000,-0.0039999999999999999999999998
153,0.00,-0.4000000000000000000000000000,0.0000,-0.0119999999999999999999999998
154,0.00,-0.6000000000000000000000000000,0.0000,-0.0239999999999999999999999998
155,0.00,-0.8000000000000000000000000000,0.0000,-0.0399999999999999999999999998
156,0.00,-1.0000000000000000000000000000,0.0000,-0.0599999999999999999999999998
157,0.00,-1.2000000000000000000000000000,0.0000,-0.0839999999999999999999999998
158,0.00,-1.4000000000000000000000000000,0.0000,-0.1119999999999999999999999998
159,0.00,-1.6000000000000000000000000000,0.0000,-0.1439999999999999999999999998
160,0.00,-1.8000000000000000000000000000,0.0000,-0.1799999999999999999999999998
161,0.00,-2.0000000000000000000000000000,0.0000,-0.2199999999999999999999999998
162,0.00,-2.2000000000000000000000000000,0.0000,-0.2639999999999999999999999998
163,0.00,-2.4000000000000000000000000000,0.0000,-0.3119999999999999999999999998
164,0.00,-2.6000000000000000000000000000,0.0000,-0.3639999999999999999999999998
165,0.00,-2.8000000000000000000000000000,0.0000,-0.4199999999999999999999999998
166,0.00,-3.0000000000000000000000000000,0.0000,-0.4799999999999999999999999998
167,0.00,-3.2000000000000000000000000000,0.0000,-0.5439999999999999999999999998
168,0.00,-3.4000000000000000000000000000,0.0000,-0.6119999999999999999999999998
169,0.00,-3.6000000000000000000000000000,0.0000,-0.6839999999999999999999999998
170,0,3.8000000000000000000000000000,0.000,-0.7400000000000000000000000002
171,0.00,3.6000000000000000000000000000,0.0000,-0.6680000000000000000000000002
172,0.00,3.4000000000000000000000000000,0.0000,-0.6000000000000000000000000002
173,0.00,3.2000000000000000000000000000,0.0000,-0.5360000000000000000000000002
174,0.00,3.0000000000000000000000000000,0.0000,-0.4760000000000000000000000002
175,0.00,2.8000000000000000000000000000,0.0000,-0.4200000000000000000000000002
176,0.00,2.6000000000000000000000000000,0.0000,-0.3680000000000000000000000002
177,0.00,2.4000000000000000000000000000,0.0000,-0.3200000000000000000000000002
178,0.00,2.2000000000000000000000000000,0.0000,-0.2760000000000000000000000002
179,0.00,2.0000000000000000000000000000,0.0000,-0.2360000000000000000000000002
180,0.00,1.8000000000000000000000000000,0.0000,-0.2000000000000000000000000002
181,0.00,1.6000000000000000000000000000,0.0000,-0.1680000000000000000000000002
182,0.00,1.4000000000000000000000000000,0.0000,-0.1400000000000000000000000002
183,0.00,1.2000000000000000000000000000,0.0000,-0.1160000000000000000000000002
184,0.00,1.0000000000000000000000000000,0.0000,-0.0960000000000000000000000002
185,0.00,0.8000000000000000000000000000,0.0000,-0.0800000000000000000000000002
186,0.00,0.6000000000000000000000000000,0.0000,-0.0680000000000000000000000002
187,0.00,0.4000000000000000000000000000,0.0000,-0.0600000000000000000000000002
188,0.00,0.2000000000000000000000000000,0.0000,-0.0560000000000000000000000002
189,0.00,0.0000000000000000000000000000,0.0000,-0.0560000000000000000000000002
190,0.00,-0.2000000000000000000000000000,0.0000,-0.0600000000000000000000000002
191,0.00,-0.4000000000000000000000000000,0.0000,-0.0680000000000000000000000002
192,0.00,-0.6000000000000000000000000000,0.0000,-0.0800000000000000000000000002
193,0.00,-0.8000000000000000000000000000,0.0000,-0.0960000000000000000000000002
194,0.00,-1.0000000000000000000000000000,0.0000,-0.1160000000000000000000000002
195,0.00,-1.2000000000000000000000000000,0.0000,-0.1400000000000000000000000002
196,0.00,-1.4000000000000000000000000000,0.0000,-0.1680000000000000000000000002
197,0.00,-1.6000000000000000000000000000,0.0000,-0.2000000000000000000000000002
198,0.00,-1.8000000000000000000000000000,0.0000,-0.2360000000000000000000000002
199,0.00,-2.0000000000000000000000000000,0.0000,-0.2760000000000000000000000002
200,0.00,-2.2000000000000000000000000000,0.0000,-0.3200000000000000000000000002
201,0.00,-2.4000000000000000000000000000,0.0000,-0.3680000000000000000000000002
202,0.00,-2.6000000000000000000000000000,0.0000,-0.4200000000000000000000000002
203,0.00,-2.8000000000000000000000000000,0.0000,-0.4760000000000000000000000002
204,0.00,-3.0000000000000000000000000000,0.0000,-0.5360000000000000000000000002
205,0.00,-3.2000000000000000000000000000,0.0000,-0.6000000000000000000000000002
206,0.00,-3.4000000000000000000000000000,0.0000,-0.6680000000000000000000000002
207,0.00,-3.6000000000000000000000000000,0.0000,-0.7400000000000000000000000002
208,0,3.8000000000000000000000000000,0.000,-0.6839999999999999999999999998
209,0.00,3.6000000000000000000000000000,0.0000,-0.6119999999999999999999999998
210,0.00,3.4000000000000000000000000000,0.0000,-0.5439999999999999999999999998
211,0.00,3.2000000000000000000000000000,0.0000,-0.4799999999999999999999999998
212,0.00,3.0000000000000000000000000000,0.0000,-0.4199999999999999999999999998
213,0.00,2.8000000000000000000000000000,0.0000,-0.3639999999999999999999999998
214,0.00,2.6000000000000000000000000000,0.0000,-0.3119999999999999999999999998
215,0.00,2.4000000000000000000000000000,0.0000,-0.2639999999999999999999999998
216,0.00,2.2000000000000000000000000000,0.0000,-0.2199999999999999999999999998
217,0.00,2.0000000000000000000000000000,0.0000,-0.1799999999999999999999999998
218,0.00,1.8000000000000000000000000000,0.0000,-0.1439999999999999999999999998
219,0.00,1.6000000000000000000000000000,0.0000,-0.1119999999999999999999999998
220,0.00,1.4000000000000000000000000000,0.0000,-0.0839999999999999999999999998
221,0.00,1.2000000000000000000000000000,0.0000,-0.0599999999999999999999999998
222,0.00,1.0000000000000000000000000000,0.0000,-0.0399999999999999999999999998
223,0.00,0.8000000000000000000000000000,0.0000,-0.0239999999999999999999999998
224,0.00,0.6000000000000000000000000000,0.0000,-0.0119999999999999999999999998
225,0.00,0.4000000000000000000000000000,0.0000,-0.0039999999999999999999999998
226,0.00,0.2000000000000000000000000000,0.0000,0.0000000000000000000000000002
227,0.00,0.0000000000000000000000000000,0.0000,0.0000000000000000000000000002
228,0.00,-0.2000000000000000000000000000,0.0000,-0.0039999999999999999999999998
229,0.00,-0.4000000000000000000000000000,0.0000,-0.0119999999999999999999999998
230,0.00,-0.6000000000000000000000000000,0.0000,-0.0239999999999999999999999998
231,0.00,-0.8000000000000000000000000000,0.0000,-0.0399999999999999999999999998
232,0.00,-1.0000000000000000000000000000,0.0000,-0.0599999999999999999999999998
233,0.00,-1.2000000000000000000000000000,0.0000,-0.0839999999999999999999999998
234,0.00,-1.4000000000000000000000000000,0.0000,-0.1119999999999999999999999998
235,0.00,-1.6000000000000000000000000000,0.0000,-0.1439999999999999999999999998
236,0.00,-1.8000000000000000000000000000,0.0000,-0.1799999999999999999999999998
237,0.00,-2.0000000000000000000000000000,0.0000,-0.2199999999999999999999999998
238,0.00,-2.2000000000000000000000000000,0.0000,-0.2639999999999999999999999998
239,0.00,-2.4000000000000000000000000000,0.0000,-0.3119999999999999999999999998
240,0.00,-2.6000000000000000000000000000,0.0000,-0.3639999999999999999999999998
241,0.00,-2.8000000000000000000000000000,0.0000,-0.4199999999999999999999999998
242,0.00,-3.0000000000000000000000000000,0.0000,-0.4799999999999999999999999998
243,0.00,-3.2000000000000000000000000000,0.0000,-0.5439999999999999999999999998
244,0.00,-3.4000000000000000000000000000,0.0000,-0.6119999999999999999999999998
245,0.00,-3.6000000000000000000000000000,0.0000,-0.6839999999999999999999999998
246,0,3.8000000000000000000000000000,0.000,-0.7400000000000000000000000002
247,0.00,3.6000000000000000000000000000,0.0000,-0.6680000000000000000000000002
248,0.00,3.4000000000000000000000000000,0.0000,-0.6000000000000000000000000002
249,0.00,3.2000000000000000000000000000,0.0000,-0.5360000000000000000000000002
250,0.00,3.0000000000000000000000000000,0.0000,-0.4760000000000000000000000002
251,0.00,2.8000000000000000000000000000,0.0000,-0.4200000000000000000000000002
252,0.00,2.6000000000000000000000000000,0.0000,-0.3680000000000000000000000002
253,0.00,2.4000000000000000000000000000,0.0000,-0.3200000000000000000000000002
254,0.00,2.2000000000000000000000000000,0.0000,-0.2760000000000000000000000002
255,0.00,2.0000000000000000000000000000,0.0000,-0.2360000000000000000000000002
256,0.00,1.8000000000000000000000000000,0.0000,-0.2000000000000000000000000002
257,0.00,1.6000000000000000000000000000,0.0000,-0.1680000000000000000000000002
258,0.00,1.4000000000000000000000000000,0.0000,-0.1400000000000000000000000002
259,0.00,1.2000000000000000000000000000,0.0000,-0.1160000000000000000000000002
260,0.00,1.0000000000000000000000000000,0.0000,-0.0960000000000000000000000002
261,0.00,0.8000000000000000000000000000,0.0000,-0.0800000000000000000000000002
262,0.00,0.6000000000000000000000000000,0.0000,-0.0680000000000000000000000002
263,0.00,0.4000000000000000000000000000,0.0000,-0.0600000000000000000000000002
264,0.00,0.2000000000000000000000000000,0.0000,-0.0560000000000000000000000002
265,0.00,0.0000000000000000000000000000,0.0000,-0.0560000000000000000000000002
266,0.00,-0.2000000000000000000000000000,0.0000,-0.0600000000000000000000000002
267,0.00,-0.4000000000000000000000000000,0.0000,-0.0680000000000000000000000002
268,0.00,-0.6000000000000000000000000000,0.0000,-0.0800000000000000000000000002
269,0.00,-0.8000000000000000000000000000,0.0000,-0.0960000000000000000000000002
270,0.00,-1.0000000000000000000000000000,0.0000,-0.1160000000000000000000000002
271,0.00,-1.2000000000000000000000000000,0.0000,-0.1400000000000000000000000002
272,0.00,-1.4000000000000000000000000000,0.0000,-0.1680000000000000000000000002
273,0.00,-1.6000000000000000000000000000,0.0000,-0.2000000000000000000000000002
274,0.00,-1.8000000000000000000000000000,0.0000,-0.2360000000000000000000000002
275,0.00,-2.0000000000000000000000000000,0.0000,-0.2760000000000000000000000002
276,0.00,-2.2000000000000000000000000000,0.0000,-0.3200000000000000000000000002
277,0.00,-2.4000000000000000000000000000,0.0000,-0.3680000000000000000000000002
278,0.00,-2.6000000000000000000000000000,0.0000,-0.4200000000000000000000000002
279,0.00,-2.8000000000000000000000000000,0.0000,-0.4760000000000000000000000002
280,0.00,-3.0000000000000000000000000000,0.0000,-0.5360000000000000000000000002
281,0.00,-3.2000000000000000000000000000,0.0000,-0.6000000000000000000000000002
282,0.00,-3.4000000000000000000000000000,0.0000,-0.6680000000000000000000000002
283,0.00,-3.6000000000000000000000000000,0.0000,-0.7400000000000000000000000002
284,0,3.8000000000000000000000000000,0.000,-0.6839999999999999999999999998
285,0.00,3.6000000000000000000000000000,0.0000,-0.6119999999999999999999999998
286,0.00,3.4000000000000000000000000000,0.0000,-0.5439999999999999999999999998
287,0.00,3.2000000000000000000000000000,0.0000,-0.4799999999999999999999999998
288,0.00,3.0000000000000000000000000000,0.0000,-0.4199999999999999999999999998
289,0.00,2.8000000000000000000000000000,0.0000,-0.3639999999999999999999999998
290,0.00,2.6000000000000000000000000000,0.0000,-0.3119999999999999999999999998
291,0.00,2.4000000000000000000000000000,0.0000,-0.2639999999999999999999999998
292,0.00,2.2000000000000000000000000000,0.0000,-0.2199999999999999999999999998
293,0.00,2.0000000000000000000000000000,0.0000,-0.1799999999999999999999999998
294,0.00,1.8000000000000000000000000000,0.0000,-0.1439999999999999999999999998
295,0.00,1.6000000000000000000000000000,0.0000,-0.1119999999999999999999999998
296,0.00,1.4000000000000000000000000000,0.0000,-0.0839999999999999999999999998
297,0.00,1.2000000000000000000000000000,0.0000,-0.0599999999999999999999999998
298,0.00,1.0000000000000000000000000000,0.0000,-0.0399999999999999999999999998
299,0.00,0.8000000000000000000000000000,0.0000,-0.0239999999999999999999999998
300,0.00,0.6000000000000000000000000000,0.0000,-0.0119999999999999999999999998
301,0.00,0.4000000000000000000000000000,0.0000,-0.0039999999999999999999999998
302,0.00,0.2000000000000000000000000000,0.0000,0.0000000000000000000000000002
303,0.00,0.0000000000000000000000000000,0.0000,0.0000000000000000000000000002
304,0.00,-0.2000000000000000000000000000,0.0000,-0.0039999999999999999999999998
305,0.00,-0.4000000000000000000000000000,0.0000,-0.0119999999999999999999999998
306,0.00,-0.6000000000000000000000000000,0.0000,-0.0239999999999999999999999998
307,0.00,-0.8000000000000000000000000000,0.0000,-0.0399999999999999999999999998
308,0.00,-1.0000000000000000000000000000,0.0000,-0.0599999999999999999999999998
309,0.00,-1.2000000000000000000000000000,0.0000,-0.0839999999999999999999999998
310,0.00,-1.4000000000000000000000000000,0.0000,-0.1119999999999999999999999998
311,0.00,-1.6000000000000000000000000000,0.0000,-0.1439999999999999999999999998
312,0.00,-1.8000000000000000000000000000,0.0000,-0.1799999999999999999999999998
313,0.00,-2.0000000000000000000000000000,0.0000,-0.2199999999999999999999999998
314,0.00,-2.2000000000000000000000000000,0.0000,-0.2639999999999999999999999998
315,0.00,-2.4000000000000000000000000000,0.0000,-0.3119999999999999999999999998
316,0.00,-2.6000000000000000000000000000,0.0000,-0.3639999999999999999999999998
317,0.00,-2.8000000000000000000000000000,0.0000,-0.4199999999999999999999999998
318,0.00,-3.0000000000000000000000000000,0.0000,-0.4799999999999999999999999998
319,0.00,-3.2000000000000000000000000000,0.0000,-0.5439999999999999999999999998
320,0.00,-3.4000000000000000000000000000,0.0000,-0.6119999999999999999999999998
321,0.00,-3.6000000000000000000000000000,0.0000,-0.6839999999999999999999999998
322,0,3.8000000000000000000000000000,0.000,-0.7400000000000000000000000002
323,0.00,3.6000000000000000000000000000,0.0000,-0.6680000000000000000000000002
324,0.00,3.4000000000000000000000000000,0.0000,-0.6000000000000000000000000002
325,0.00,3.2000000000000000000000000000,0.0000,-0.5360000000000000000000000002
326,0.00,3.0000000000000000000000000000,0.0000,-0.4760000000000000000000000002
327,0.00,2.8000000000000000000000000000,0.0000,-0.4200000000000000000000000002
328,0.00,2.6000000000000000000000000000,0.0000,-0.3680000000000000000000000002
329,0.00,2.4000000000000000000000000000,0.0000,-0.3200000000000000000000000002
330,0.00,2.2000000000000000000000000000,0.0000,-0.2760000000000000000000000002
331,0.00,2.0000000000000000000000000000,0.0000,-0.2360000000000000000000000002
332,0.00,1.8000000000000000000000000000,0.0000,-0.2000000000000000000000000002
333,0.00,1.6000000000000000000000000000,0.0000,-0.1680000000000000000000000002
334,0.00,1.4000000000000000000000000000,0.0000,-0.1400000000000000000000000002
335,0.00,1.2000000000000000000000000000,0.0000,-0.1160000000000000000000000002
336,0.00,1.0000000000000000000000000000,0.0000,-0.0960000000000000000000000002
337,0.00,0.8000000000000000000000000000,0.0000,-0.0800000000000000000000000002
338,0.00,0.6000000000000000000000000000,0.0000,-0.0680000000000000000000000002
339,0.00,0.4000000000000000000000000000,0.0000,-0.0600000000000000000000000002
340,0.00,0.2000000000000000000000000000,0.0000,-0.0560000000000000000000000002
341,0.00,0.0000000000000000000000000000,0.0000,-0.0560000000000000000000000002
342,0.00,-0.2000000000000000000000000000,0.0000,-0.0600000000000000000000000002
343,0.00,-0.4000000000000000000000000000,0.0000,-0.0680000000000000000000000002
344,0.00,-0.6000000000000000000000000000,0.0000,-0.0800000000000000000000000002
345,0.00,-0.8000000000000000000000000000,0.0000,-0.0960000000000000000000000002
346,0.00,-1.0000000000000000000000000000,0.0000,-0.1160000000000000000000000002
347,0.00,-1.2000000000000000000000000000,0.0000,-0.1400000000000000000000000002
348,0.00,-1.4000000000000000000000000000,0.0000,-0.1680000000000000000000000002
349,0.00,-1.6000000000000000000000000000,0.0000,-0.2000000000000000000000000002
350,0.00,-1.8000000000000000000000000000,0.0000,-0.2360000000000000000000000002
351,0.00,-2.0000000000000000000000000000,0.0000,-0.2760000000000000000000000002
352,0.00,-2.2000000000000000000000000000,0.0000,-0.3200000000000000000000000002
353,0.00,-2.4000000000000000000000000000,0.0000,-0.3680000000000000000000000002
354,0.00,-2.6000000000000000000000000000,0.0000,-0.4200000000000000000000000002
355,0.00,-2.8000000000000000000000000000,0.0000,-0.4760000000000000000000000002
356,0.00,-3.0000000000000000000000000000,0.0000,-0.5360000000000000000000000002
357,0.00,-3.2000000000000000000000000000,0.0000,-0.6000000000000000000000000002
358,0.00,-3.4000000000000000000000000000,0.0000,-0.6680000000000000000000000002
359,0.00,-3.6000000000000000000000000000,0.0000,-0.7400000000000000000000000002
360,0,3.8000000000000000000000000000,0.000,-0.6839999999999999999999999998
361,0.00,3.6000000000000000000000000000,0.0000,-0.6119999999999999999999999998
362,0.00,3.4000000000000000000000000000,0.0000,-0.5439999999999999999999999998
363,0.00,3.2000000000000000000000000000,0.0000,-0.4799999999999999999999999998
364,0.00,3.0000000000000000000000000000,0.0000,-0.4199999999999999999999999998
365,0.00,2.8000000000000000000000000000,0.0000,-0.3639999999999999999999999998
366,0.00,2.6000000000000000000000000000,0.0000,-0.3119999999999999999999999998
367,0.00,2.4000000000000000000000000000,0.0000,-0.2639999999999999999999999998
368,0.00,2.2000000000000000000000000000,0.0000,-0.2199999999999999999999999998
369,0.00,2.0000000000000000000000000000,0.0000,-0.1799999999999999999999999998
370,0.00,1.8000000000000000000000000000,0.0000,-0.1439999999999999999999999998
371,0.00,1.6000000000000000000000000000,0.0000,-0.1119999999999999999999999998
372,0.00,1.4000000000000000000000000000,0.0000,-0.0839999999999999999999999998
373,0.00,1.2000000000000000000000000000,0.0000,-0.0599999999999999999999999998
374,0.00,1.0000000000000000000000000000,0.0000,-0.0399999999999999999999999998
375,0.00,0.8000000000000000000000000000,0.0000,-0.0239999999999999999999999998
376,0.00,0.6000000000000000000000000000,0.0000,-0.0119999999999999999999999998
377,0.00,0.4000000000000000000000000000,0.0000,-0.0039999999999999999999999998
378,0.00,0.2000000000000000000000000000,0.0000,0.0000000000000000000000000002
379,0.00,0.0000000000000000000000000000,0.0000,0.0000000000000000000000000002
380,0.00,-0.2000000000000000000000000000,0.0000,-0.0039999999999999999999999998
381,0.00,-0.4000000000000000000000000000,0.0000,-0.0119999999999999999999999998
382,0.00,-0.6000000000000000000000000000,0.0000,-0.0239999999999999999999999998
383,0.00,-0.8000000000000000000000000000,0.0000,-0.0399999999999999999999999998
384,0.00,-1.0000000000000000000000000000,0.0000,-0.0599999999999999999999999998
385,0.00,-1.2000000000000000000000000000,0.0000,-0.0839999999999999999999999998
386,0.00,-1.4000000000000000000000000000,0.0000,-0.1119999999999999999999999998
387,0.00,-1.6000000000000000000000000000,0.0000,-0.1439999999999999999999999998
388,0.00,-1.8000000000000000000000000000,0.0000,-0.1799999999999999999999999998
389,0.00,-2.0000000000000000000000000000,0.0000,-0.2199999999999999999999999998
390,0.00,-2.2000000000000000000000000000,0.0000,-0.2639999999999999999999999998
391,0.00,-2.4000000000000000000000000000,0.0000,-0.3119999999999999999999999998
392,0.00,-2.6000000000000000000000000000,0.0000,-0.3639999999999999999999999998
393,0.00,-2.8000000000000000000000000000,0.0000,-0.4199999999999999999999999998
394,0.00,-3.0000000000000000000000000000,0.0000,-0.4799999999999999999999999998
395,0.00,-3.2000000000000000000000000000,0.0000,-0.5439999999999999999999999998
396,0.00,-3.4000000000000000000000000000,0.0000,-0.6119999999999999999999999998
397,0.00,-3.6000000000000000000000000000,0.0000,-0.6839999999999999999999999998
398,0,3.8000000000000000000000000000,0.000,-0.7400000000000000000000000002
399,0.00,3.6000000000000000000000000000,0.0000,-0.6680000000000000000000000002
400,0.00,3.4000000000000000000000000000,0.0000,-0.6000000000000000000000000002
401,0.00,3.2000000000000000000000000000,0.0000,-0.5360000000000000000000000002
402,0.00,3.0000000000000000000000000000,0.0000,-0.4760000000000000000000000002
403,0.00,2.8000000000000000000000000000,0.0000,-0.4200000000000000000000000002
404,0.00,2.6000000000000000000000000000,0.0000,-0.3680000000000000000000000002
405,0.00,2.4000000000000000000000000000,0.0000,-0.3200000000000000000000000002
406,0.00,2.2000000000000000000000000000,0.0000,-0.2760000000000000000000000002
407,0.00,2.0000000000000000000000000000,0.0000,-0.2360000000000000000000000002
408,0.00,1.8000000000000000000000000000,0.0000,-0.2000000000000000000000000002
409,0.00,1.6000000000000000000000000000,0.0000,-0.1680000000000000000000000002
410,0.00,1.4000000000000000000000000000,0.0000,-0.1400000000000000000000000002
411,0.00,1.2000000000000000000000000000,0.0000,-0.1160000000000000000000000002
412,0.00,1.0000000000000000000000000000,0.0000,-0.0960000000000000000000000002
413,0.00,0.8000000000000000000000000000,0.0000,-0.0800000000000000000000000002
414,0.00,0.6000000000000000000000000000,0.0000,-0.0680000000000000000000000002
415,0.00,0.4000000000000000000000000000,0.0000,-0.0600000000000000000000000002
416,0.00,0.2000000000000000000000000000,0.0000,-0.0560000000000000000000000002
417,0.00,0.0000000000000000000000000000,0.0000,-0.0560000000000000000000000002
418,0.00,-0.2000000000000000000000000000,0.0000,-0.0600000000000000000000000002
419,0.00,-0.4000000000000000000000000000,0.0000,-0.0680000000000000000000000002
420,0.00,-0.6000000000000000000000000000,0.0000,-0.0800000000000000000000000002
421,0.00,-0.8000000000000000000000000000,0.0000,-0.0960000000000000000000000002
422,0.00,-1.0000000000000000000000000000,0.0000,-0.1160000000000000000000000002
423,0.00,-1.2000000000000000000000000000,0.0000,-0.1400000000000000000000000002
424,0.00,-1.4000000000000000000000000000,0.0000,-0.1680000000000000000000000002
425,0.00,-1.6000000000000000000000000000,0.0000,-0.2000000000000000000000000002
426,0.00,-1.8000000000000000000000000000,0.0000,-0.2360000000000000000000000002
427,0.00,-2.0000000000000000000000000000,0.0000,-0.2760000000000000000000000002
428,0.00,-2.2000000000000000000000000000,0.0000,-0.3200000000000000000000000002
429,0.00,-2.4000000000000000000000000000,0.0000,-0.3680000000000000000000000002
430,0.00,-2.6000000000000000000000000000,0.0000,-0.4200000000000000000000000002
431,0.00,-2.8000000000000000000000000000,0.0000,-0.4760000000000000000000000002
432,0.00,-3.0000000000000000000000000000,0.0000,-0.5360000000000000000000000002
433,0.00,-3.2000000000000000000000000000,0.0000,-0.6000000000000000000000000002
434,0.00,-3.4000000000000000000000000000,0.0000,-0.6680000000000000000000000002
435,0.00,-3.6000000000000000000000000000,0.0000,-0.7400000000000000000000000002
436,0,3.8000000000000000000000000000,0.000,-0.6839999999999999999999999998
437,0.00,3.6000000000000000000000000000,0.0000,-0.6119999999999999999999999998
438,0.00,3.4000000000000000000000000000,0.0000,-0.5439999999999999999999999998
439,0.00,3.2000000000000000000000000000,0.0000,-0.4799999999999999999999999998
440,0.00,3.0000000000000000000000000000,0.0000,-0.4199999999999999999999999998
441,0.00,2.8000000000000000000000000000,0.0000,-0.3639999999999999999999999998
442,0.00,2.6000000000000000000000000000,0.0000,-0.3119999999999999999999999998
443,0.00,2.4000000000000000000000000000,0.0000,-0.2639999999999999999999999998
444,0.00,2.2000000000000000000000000000,0.0000,-0.2199999999999999999999999998
445,0.00,2.0000000000000000000000000000,0.0000,-0.1799999999999999999999999998
446,0.00,1.8000000000000000000000000000,0.0000,-0.1439999999999999999999999998
447,0.00,1.6000000000000000000000000000,0.0000,-0.1119999999999999999999999998
448,0.00,1.4000000000000000000000000000,0.0000,-0.0839999999999999999999999998
449,0.00,1.2000000000000000000000000000,0.0000,-0.0599999999999999999999999998
450,0.00,1.0000000000000000000000000000,0.0000,-0.0399999999999999999999999998
451,0.00,0.8000000000000000000000000000,0.0000,-0.0239999999999999999999999998
452,0.00,0.6000000000000000000000000000,0.0000,-0.0119999999999999999999999998
453,0.00,0.4000000000000000000000000000,0.0000,-0.0039999999999999999999999998
454,0.00,0.2000000000000000000000000000,0.0000,0.0000000000000000000000000002
455,0.00,0.0000000000000000000000000000,0.0000,0.0000000000000000000000000002
456,0.00,-0.2000000000000000000000000000,0.0000,-0.0039999999999999999999999998
457,0.00,-0.4000000000000000000000000000,0.0000,-0.0119999999999999999999999998
458,0.00,-0.6000000000000000000000000000,0.0000,-0.0239999999999999999999999998
459,0.00,-0.8000000000000000000000000000,0.0000,-0.0399999999999999999999999998
460,0.00,-1.0000000000000000000000000000,0.0000,-0.0599999999999999999999999998
461,0.00,-1.2000000000000000000000000000,0.0000,-0.0839999999999999999999999998
462,0.00,-1.4000000000000000000000000000,0.0000,-0.1119999999999999999999999998
463,0.00,-1.6000000000000000000000000000,0.0000,-0.1439999999999999999999999998
464,0.00,-1.8000000000000000000000000000,0.0000,-0.1799999999999999999999999998
465,0.00,-2.0000000000000000000000000000,0.0000,-0.2199999999999999999999999998
466,0.00,-2.2000000000000000000000000000,0.0000,-0.2639999999999999999999999998
467,0.00,-2.4000000000000000000000000000,0.0000,-0.3119999999999999999999999998
468,0.00,-2.6000000000000000000000000000,0.0000,-0.3639999999999999999999999998
469,0.00,-2.8000000000000000000000000000,0.0000,-0.4199999999999999999999999998
470,0.00,-3.0000000000000000000000000000,0.0000,-0.4799999999999999999999999998
471,0.00,-3.2000000000000000000000000000,0.0000,-0.5439999999999999999999999998
472,0.00,-3.4000000000000000000000000000,0.0000,-0.6119999999999999999999999998
473,0.00,-3.6000000000000000000000000000,0.0000,-0.6839999999999999999999999998
474,0,3.8000000000000000000000000000,0.000,-0.7400000000000000000000000002
475,0.00,3.6000000000000000000000000000,0.0000,-0.6680000000000000000000000002
476,0.00,3.4000000000000000000000000000,0.0000,-0.6000000000000000000000000002
477,0.00,3.2000000000000000000000000000,0.0000,-0.5360000000000000000000000002
478,0.00,3.0000000000000000000000000000,0.0000,-0.4760000000000000000000000002
479,0.00,2.8000000000000000000000000000,0.0000,-0.4200000000000000000000000002
480,0.00,2.6000000000000000000000000000,0.0000,-0.3680000000000000000000000002
481,0.00,2.4000000000000000000000000000,0.0000,-0.3200000000000000000000000002
482,0.00,2.2000000000000000000000000000,0.0000,-0.2760000000000000000000000002
483,0.00,2.0000000000000000000000000000,0.0000,-0.2360000000000000000000000002
484,0.00,1.8000000000000000000000000000,0.0000,-0.2000000000000000000000000002
485,0.00,1.6000000000000000000000000000,0.0000,-0.1680000000000000000000000002
486,0.00,1.4000000000000000000000000000,0.0000,-0.1400000000000000000000000002
487,0.00,1.2000000000000000000000000000,0.0000,-0.1160000000000000000000000002
488,0.00,1.0000000000000000000000000000,0.0000,-0.0960000000000000000000000002
489,0.00,0.8000000000000000000000000000,0.0000,-0.0800000000000000000000000002
490,0.00,0.6000000000000000000000000000,0.0000,-0.0680000000000000000000000002
491,0.00,0.4000000000000000000000000000,0.0000,-0.0600000000000000000000000002
492,0.00,0.2000000000000000000000000000,0.0000,-0.0560000000000000000000000002
493,0.00,0.0000000000000000000000000000,0.0000,-0.0560000000000000000000000002
494,0.00,-0.2000000000000000000000000000,0.0000,-0.0600000000000000000000000002
495,0.00,-0.4000000000000000000000000000,0.0000,-0.0680000000000000000000000002
496,0.00,-0.6000000000000000000000000000,0.0000,-0.0800000000000000000000000002
497,0.00,-0.8000000000000000000000000000,0.0000,-0.0960000000000000000000000002
498,0.00,-1.0000000000000000000000000000,0.0000,-0.1160000000000000000000000002
499,0.00,-1.2000000000000000000000000000,0.0000,-0.1400000000000000000000000002
500,0.00,-1.4000000000000000000000000000,0.0000,-0.1680000000000000000000000002
501,0.00,-1.6000000000000000000000000000,0.0000,-0.2000000000000000000000000002
502,0.00,-1.8000000000000000000000000000,0.0000,-0.2360000000000000000000000002
503,0.00,-2.0000000000000000000000000000,0.0000,-0.2760000000000000000000000002
504,0.00,-2.2000000000000000000000000000,0.0000,-0.3200000000000000000000000002
505,0.00,-2.4000000000000000000000000000,0.0000,-0.3680000000000000000000000002
506,0.00,-2.6000000000000000000000000000,0.0000,-0.4200000000000000000000000002
507,0.00,-2.8000000000000000000000000000,0.0000,-0.4760000000000000000000000002
508,0.00,-3.0000000000000000000000000000,0.0000,-0.5360000000000000000000000002
509,0.00,-3.2000000000000000000000000000,0.0000,-0.6000000000000000000000000002
510,0.00,-3.4000000000000000000000000000,0.0000,-0.6680000000000000000000000002
511,0.00,-3.6000000000000000000000000000,0.0000,-0.7400000000000000000000000002
512,0,3.8000000000000000000000000000,0.000,-0.6839999999999999999999999998
513,0.00,3.6000000000000000000000000000,0.0000,-0.6119999999999999999999999998
514,0.00,3.4000000000000000000000000000,0.0000,-0.5439999999999999999999999998
515,0.00,3.2000000000000000000000000000,0.0000,-0.4799999999999999999999999998
516,0.00,3.0000000000000000000000000000,0.0000,-0.4199999999999999999999999998
517,0.00,2.8000000000000000000000000000,0.0000,-0.3639999999999999999999999998
518,0.00,2.6000000000000000000000000000,0.0000,-0.3119999999999999999999999998
519,0.00,2.4000000000000000000000000000,0.0000,-0.2639999999999999999999999998
520,0.00,2.2000000000000000000000000000,0.0000,-0.2199999999999999999999999998
521,0.00,2.0000000000000000000000000000,0.0000,-0.1799999999999999999999999998
522,0.00,1.8000000000000000000000000000,0.0000,-0.1439999999999999999999999998
523,0.00,1.6000000000000000000000000000,0.0000,-0.1119999999999999999999999998
524,0.00,1.4000000000000000000000000000,0.0000,-0.0839999999999999999999999998
525,0.00,1.2000000000000000000000000000,0.0000,-0.0599999999999999999999999998
526,0.00,1.0000000000000000000000000000,0.0000,-0.0399999999999999999999999998
527,0.00,0.8000000000000000000000000000,0.0000,-0.0239999999999999999999999998
528,0.00,0.6000000000000000000000000000,0.0000,-0.0119999999999999999999999998
529,0.00,0.4000000000000000000000000000,0.0000,-0.0039999999999999999999999998
530,0.00,0.2000000000000000000000000000,0.0000,0.0000000000000000000000000002
531,0.00,0.0000000000000000000000000000,0.0000,0.0000000000000000000000000002
532,0.00,-0.2000000000000000000000000000,0.0000,-0.0039999999999999999999999998
533,0.00,-0.4000000000000000000000000000,0.0000,-0.0119999999999999999999999998
534,0.00,-0.6000000000000000000000000000,0.0000,-0.0239999999999999999999999998
535,0.00,-0.8000000000000000000000000000,0.0000,-0.0399999999999999999999999998
536,0.00,-1.0000000000000000000000000000,0.0000,-0.0599999999999999999999999998
537,0.00,-1.2000000000000000000000000000,0.0000,-0.0839999999999999999999999998
538,0.00,-1.4000000000000000000000000000,0.0000,-0.1119999999999999999999999998
539,0.00,-1.6000000000000000000000000000,0.0000,-0.1439999999999999999999999998
540,0.00,-1.8000000000000000000000000000,0.0000,-0.1799999999999999999999999998
541,0.00,-2.0000000000000000000000000000,0.0000,-0.2199999999999999999999999998
542,0.00,-2.2000000000000000000000000000,0.0000,-0.2639999999999999999999999998
543,0.00,-2.4000000000000000000000000000,0.0000,-0.3119999999999999999999999998
544,0.00,-2.6000000000000000000000000000,0.0000,-0.3639999999999999999999999998
545,0.00,-2.8000000000000000000000000000,0.0000,-0.4199999999999999999999999998
546,0.00,-3.0000000000000000000000000000,0.0000,-0.4799999999999999999999999998
547,0.00,-3.2000000000000000000000000000,0.0000,-0.5439999999999999999999999998
548,0.00,-3.4000000000000000000000000000,0.0000,-0.6119999999999999999999999998
549,0.00,-3.6000000000000000000000000000,0.0000,-0.6839999999999999999999999998
550,0,3.8000000000000000000000000000,0.000,-0.7400000000000000000000000002
551,0.00,3.6000000000000000000000000000,0.0000,-0.6680000000000000000000000002
552,0.00,3.4000000000000000000000000000,0.0000,-0.6000000000000000000000000002
553,0.00,3.2000000000000000000000000000,0.0000,-0.5360000000000000000000000002
554,0.00,3.0000000000000000000000000000,0.0000,-0.4760000000000000000000000002
555,0.00,2.8000000000000000000000000000,0.0000,-0.4200000000000000000000000002
556,0.00,2.6000000000000000000000000000,0.0000,-0.3680000000000000000000000002
557,0.00,2.4000000000000000000000000000,0.0000,-0.3200000000000000000000000002
558,0.00,2.2000000000000000000000000000,0.0000,-0.2760000000000000000000000002
559,0.00,2.0000000000000000000000000000,0.0000,-0.2360000000000000000000000002
560,0.00,1.8000000000000000000000000000,0.0000,-0.2000000000000000000000000002
561,0.00,1.6000000000000000000000000000,0.0000,-0.1680000000000000000000000002
562,0.00,1.4000000000000000000000000000,0.0000,-0.1400000000000000000000000002
563,0.00,1.2000000000000000000000000000,0.0000,-0.1160000000000000000000000002
564,0.00,1.0000000000000000000000000000,0.0000,-0.0960000000000000000000000002
565,0.00,0.8000000000000000000000000000,0.0000,-0.0800000000000000000000000002
566,0.00,0.6000000000000000000000000000,0.0000,-0.0680000000000000000000000002
567,0.00,0.4000000000000000000000000000,0.0000,-0.0600000000000000000000000002
568,0.00,0.2000000000000000000000000000,0.0000,-0.0560000000000000000000000002
569,0.00,0.0000000000000000000000000000,0.0000,-0.0560000000000000000000000002
570,0.00,-0.2000000000000000000000000000,0.0000,-0.0600000000000000000000000002
571,0.00,-0.4000000000000000000000000000,0.0000,-0.0680000000000000000000000002
572,0.00,-0.6000000000000000000000000000,0.0000,-0.0800000000000000000000000002
573,0.00,-0.8000000000000000000000000000,0.0000,-0.0960000000000000000000000002
574,0.00,-1.0000000000000000000000000000,0.0000,-0.1160000000000000000000000002
575,0.00,-1.2000000000000000000000000000,0.0000,-0.1400000000000000000000000002
576,0.00,-1.4000000000000000000000000000,0.0000,-0.1680000000000000000000000002
577,0.00,-1.6000000000000000000000000000,0.0000,-0.2000000000000000000000000002
578,0.00,-1.8000000000000000000000000000,0.0000,-0.2360000000000000000000000002
579,0.00,-2.0000000000000000000000000000,0.0000,-0.2760000000000000000000000002
580,0.00,-2.2000000000000000000000000000,0.0000,-0.3200000000000000000000000002
581,0.00,-2.4000000000000000000000000000,0.0000,-0.3680000000000000000000000002
582,0.00,-2.6000000000000000000000000000,0.0000,-0.4200000000000000000000000002
583,0.00,-2.8000000000000000000000000000,0.0000,-0.4760000000000000000000000002
584,0.00,-3.0000000000000000000000000000,0.0000,-0.5360000000000000000000000002
585,0.00,-3.2000000000000000000000000000,0.0000,-0.6000000000000000000000000002
586,0.00,-3.4000000000000000000000000000,0.0000,-0.6680000000000000000000000002
587,0.00,-3.6000000000000000000000000000,0.0000,-0.7400000000000000000000000002
588,0,3.8000000000000000000000000000,0.000,-0.6839999999999999999999999998
589,0.00,3.6000000000000000000000000000,0.0000,-0.6119999999999999999999999998
590,0.00,3.4000000000000000000000000000,0.0000,-0.5439999999999999999999999998
591,0.00,3.2000000000000000000000000000,0.0000,-0.4799999999999999999999999998
592,0.00,3.0000000000000000000000000000,0.0000,-0.4199999999999999999999999998
593,0.00,2.8000000000000000000000000000,0.0000,-0.3639999999999999999999999998
594,0.00,2.6000000000000000000000000000,0.0000,-0.3119999999999999999999999998
595,0.00,2.4000000000000000000000000000,0.0000,-0.2639999999999999999999999998
596,0.00,2.2000000000000000000000000000,0.0000,-0.2199999999999999999999999998
597,0.00,2.0000000000000000000000000000,0.0000,-0.1799999999999999999999999998
598,0.00,1.8000000000000000000000000000,0.0000,-0.1439999999999999999999999998
599,0.00,1.6000000000000000000000000000,0.0000,-0.1119999999999999999999999998
600,0.00,1.4000000000000000000000000000,0.0000,-0.0839999999999999999999999998
601,0.00,1.2000000000000000000000000000,0.0000,-0.0599999999999999999999999998
602,0.00,1.0000000000000000000000000000,0.0000,-0.0399999999999999999999999998
603,0.00,0.8000000000000000000000000000,0.0000,-0.0239999999999999999999999998
604,0.00,0.6000000000000000000000000000,0.0000,-0.0119999999999999999999999998
605,0.00,0.4000000000000000000000000000,0.0000,-0.0039999999999999999999999998
606,0.00,0.2000000000000000000000000000,0.0000,0.0000000000000000000000000002
607,0.00,0.0000000000000000000000000000,0.0000,0.0000000000000000000000000002
608,0.00,-0.2000000000000000000000000000,0.0000,-0.0039999999999999999999999998
609,0.00,-0.4000000000000000000000000000,0.0000,-0.0119999999999999999999999998
610,0.00,-0.6000000000000000000000000000,0.0000,-0.0239999999999999999999999998
611,0.00,-0.8000000000000000000000000000,0.0000,-0.0399999999999999999999999998
612,0.00,-1.0000000000000000000000000000,0.0000,-0.0599999999999999999999999998
613,0.00,-1.2000000000000000000000000000,0.0000,-0.0839999999999999999999999998
614,0.00,-1.4000000000000000000000000000,0.0000,-0.1119999999999999999999999998
615,0.00,-1.6000000000000000000000000000,0.0000,-0.1439999999999999999999999998
616,0.00,-1.8000000000000000000000000000,0.0000,-0.1799999999999999999999999998
617,0.00,-2.0000000000000000000000000000,0.0000,-0.2199999999999999999999999998
618,0.00,-2.2000000000000000000000000000,0.0000,-0.2639999999999999999999999998
619,0.00,-2.4000000000000000000000000000,0.0000,-0.3119999999999999999999999998
620,0.00,-2.6000000000000000000000000000,0.0000,-0.3639999999999999999999999998
621,0.00,-2.8000000000000000000000000000,0.0000,-0.4199999999999999999999999998
622,0.00,-3.0000000000000000000000000000,0.0000,-0.4799999999999999999999999998
623,0.00,-3.2000000000000000000000000000,0.0000,-0.5439999999999999999999999998
624,0.00,-3.4000000000000000000000000000,0.0000,-0.6119999999999999999999999998
625,0.00,-3.6000000000000000000000000000,0.0000,-0.6839999999999999999999999998
626,0,3.8000000000000000000000000000,0.000,-0.7400000000000000000000000002
627,0.00,3.6000000000000000000000000000,0.0000,-0.6680000000000000000000000002
628,0.00,3.4000000000000000000000000000,0.0000,-0.6000000000000000000000000002
629,0.00,3.2000000000000000000000000000,0.0000,-0.5360000000000000000000000002
630,0.00,3.0000000000000000000000000000,0.0000,-0.4760000000000000000000000002
631,0.00,2.8000000000000000000000000000,0.0000,-0.4200000000000000000000000002
632,0.00,2.6000000000000000000000000000,0.0000,-0.3680000000000000000000000002
633,0.00,2.4000000000000000000000000000,0.0000,-0.3200000000000000000000000002
634,0.00,2.2000000000000000000000000000,0.0000,-0.2760000000000000000000000002
635,0.00,2.0000000000000000000000000000,0.0000,-0.2360000000000000000000000002
636,0.00,1.8000000000000000000000000000,0.0000,-0.2000000000000000000000000002
637,0.00,1.6000000000000000000000000000,0.0000,-0.1680000000000000000000000002
638,0.00,1.4000000000000000000000000000,0.0000,-0.1400000000000000000000000002
639,0.00,1.2000000000000000000000000000,0.0000,-0.1160000000000000000000000002
640,0.00,1.0000000000000000000000000000,0.0000,-0.0960000000000000000000000002
641,0.00,0.8000000000000000000000000000,0.0000,-0.0800000000000000000000000002
642,0.00,0.6000000000000000000000000000,0.0000,-0.0680000000000000000000000002
643,0.00,0.4000000000000000000000000000,0.0000,-0.0600000000000000000000000002
644,0.00,0.2000000000000000000000000000,0.0000,-0.0560000000000000000000000002
645,0.00,0.0000000000000000000000000000,0.0000,-0.0560000000000000000000000002
646,0.00,-0.2000000000000000000000000000,0.0000,-0.0600000000000000000000000002
647,0.00,-0.4000000000000000000000000000,0.0000,-0.0680000000000000000000000002
648,0.00,-0.6000000000000000000000000000,0.0000,-0.0800000000000000000000000002
649,0.00,-0.8000000000000000000000000000,0.0000,-0.0960000000000000000000000002
650,0.00,-1.0000000000000000000000000000,0.0000,-0.1160000000000000000000000002
651,0.00,-1.2000000000000000000000000000,0.0000,-0.1400000000000000000000000002
652,0.00,-1.4000000000000000000000000000,0.0000,-0.1680000000000000000000000002
653,0.00,-1.6000000000000000000000000000,0.0000,-0.2000000000000000000000000002
654,0.00,-1.8000000000000000000000000000,0.0000,-0.2360000000000000000000000002
655,0.00,-2.0000000000000000000000000000,0.0000,-0.2760000000000000000000000002
656,0.00,-2.2000000000000000000000000000,0.0000,-0.3200000000000000000000000002
657,0.00,-2.4000000000000000000000000000,0.0000,-0.3680000000000000000000000002
658,0.00,-2.6000000000000000000000000000,0.0000,-0.4200000000000000000000000002
659,0.00,-2.8000000000000000000000000000,0.0000,-0.4760000000000000000000000002
660,0.00,-3.0000000000000000000000000000,0.0000,-0.5360000000000000000000000002
661,0.00,-3.2000000000000000000000000000,0.0000,-0.6000000000000000000000000002
662,0.00,-3.4000000000000000000000000000,0.0000,-0.6680000000000000000000000002
663,0.00,-3.6000000000000000000000000000,0.0000,-0.7400000000000000000000000002
664,0,3.8000000000000000000000000000,0.000,-0.6839999999999999999999999998
665,0.00,3.6000000000000000000000000000,0.0000,-0.6119999999999999999999999998
666,0.00,3.4000000000000000000000000000,0.0000,-0.5439999999999999999999999998
667,0.00,3.2000000000000000000000000000,0.0000,-0.4799999999999999999999999998
668,0.00,3.0000000000000000000000000000,0.0000,-0.4199999999999999999999999998
669,0.00,2.8000000000000000000000000000,0.0000,-0.3639999999999999999999999998
670,0.00,2.6000000000000000000000000000,0.0000,-0.3119999999999999999999999998
671,0.00,2.4000000000000000000000000000,0.0000,-0.2639999999999999999999999998
672,0.00,2.2000000000000000000000000000,0.0000,-0.2199999999999999999999999998
673,0.00,2.0000000000000000000000000000,0.0000,-0.1799999999999999999999999998
674,0.00,1.8000000000000000000000000000,0.0000,-0.1439999999999999999999999998
675,0.00,1.6000000000000000000000000000,0.0000,-0.1119999999999999999999999998
676,0.00,1.4000000000000000000000000000,0.0000,-0.0839999999999999999999999998
677,0.00,1.2000000000000000000000000000,0.0000,-0.0599999999999999999999999998
678,0.00,1.0000000000000000000000000000,0.0000,-0.0399999999999999999999999998
679,0.00,0.8000000000000000000000000000,0.0000,-0.0239999999999999999999999998
680,0.00,0.6000000000000000000000000000,0.0000,-0.0119999999999999999999999998
681,0.00,0.4000000000000000000000000000,0.0000,-0.0039999999999999999999999998
682,0.00,0.2000000000000000000000000000,0.0000,0.0000000000000000000000000002
683,0.00,0.0000000000000000000000000000,0.0000,0.0000000000000000000000000002
684,0.00,-0.2000000000000000000000000000,0.0000,-0.0039999999999999999999999998
685,0.00,-0.4000000000000000000000000000,0.0000,-0.0119999999999999999999999998
686,0.00,-0.6000000000000000000000000000,0.0000,-0.0239999999999999999999999998
687,0.00,-0.8000000000000000000000000000,0.0000,-0.0399999999999999999999999998
688,0.00,-1.0000000000000000000000000000,0.0000,-0.0599999999999999999999999998
689,0.00,-1.2000000000000000000000000000,0.0000,-0.0839999999999999999999999998
690,0.00,-1.4000000000000000000000000000,0.0000,-0.1119999999999999999999999998
691,0.00,-1.6000000000000000000000000000,0.0000,-0.1439999999999999999999999998
692,0.00,-1.8000000000000000000000000000,0.0000,-0.1799999999999999999999999998
693,0.00,-2.0000000000000000000000000000,0.0000,-0.2199999999999999999999999998
694,0.00,-2.2000000000000000000000000000,0.0000,-0.2639999999999999999999999998
695,0.00,-2.4000000000000000000000000000,0.0000,-0.3119999999999999999999999998
696,0.00,-2.6000000000000000000000000000,0.0000,-0.3639999999999999999999999998
697,0.00,-2.8000000000000000000000000000,0.0000,-0.4199999999999999999999999998
698,0.00,-3.0000000000000000000000000000,0.0000,-0.4799999999999999999999999998
699,0.00,-3.2000000000000000000000000000,0.0000,-0.5439999999999999999999999998
700,0.00,-3.4000000000000000000000000000,0.0000,-0.6119999999999999999999999998
701,0.00,-3.6000000000000000000000000000,0.0000,-0.6839999999999999999999999998
702,0,3.8000000000000000000000000000,0.000,-0.7400000000000000000000000002
703,0.00,3.6000000000000000000000000000,0.0000,-0.6680000000000000000000000002
704,0.00,3.4000000000000000000000000000,0.0000,-0.6000000000000000000000000002
705,0.00,3.2000000000000000000000000000,0.0000,-0.5360000000000000000000000002
706,0.00,3.0000000000000000000000000000,0.0000,-0.4760000000000000000000000002
707,0.00,2.8000000000000000000000000000,0.0000,-0.4200000000000000000000000002
708,0.00,2.6000000000000000000000000000,0.0000,-0.3680000000000000000000000002
709,0.00,2.4000000000000000000000000000,0.0000,-0.3200000000000000000000000002
710,0.00,2.2000000000000000000000000000,0.0000,-0.2760000000000000000000000002
711,0.00,2.0000000000000000000000000000,0.0000,-0.2360000000000000000000000002
712,0.00,1.8000000000000000000000000000,0.0000,-0.2000000000000000000000000002
713,0.00,1.6000000000000000000000000000,0.0000,-0.1680000000000000000000000002
714,0.00,1.4000000000000000000000000000,0.0000,-0.1400000000000000000000000002
715,0.00,1.2000000000000000000000000000,0.0000,-0.1160000000000000000000000002
716,0.00,1.0000000000000000000000000000,0.0000,-0.0960000000000000000000000002
717,0.00,0.8000000000000000000000000000,0.0000,-0.0800000000000000000000000002
718,0.00,0.6000000000000000000000000000,0.0000,-0.0680000000000000000000000002
719,0.00,0.4000000000000000000000000000,0.0000,-0.0600000000000000000000000002
720,0.00,0.2000000000000000000000000000,0.0000,-0.0560000000000000000000000002
721,0.00,0.0000000000000000000000000000,0.0000,-0.0560000000000000000000000002
722,0.00,-0.2000000000000000000000000000,0.0000,-0.0600000000000000000000000002
723,0.00,-0.4000000000000000000000000000,0.0000,-0.0680000000000000000000000002
724,0.00,-0.6000000000000000000000000000,0.0000,-0.0800000000000000000000000002
725,0.00,-0.8000000000000000000000000000,0.0000,-0.0960000000000000000000000002
726,0.00,-1.0000000000000000000000000000,0.0000,-0.1160000000000000000000000002
727,0.00,-1.2000000000000000000000000000,0.0000,-0.1400000000000000000000000002
728,0.00,-1.4000000000000000000000000000,0.0000,-0.1680000000000000000000000002
729,0.00,-1.6000000000000000000000000000,0.0000,-0.2000000000000000000000000002
730,0.00,-1.8000000000000000000000000000,0.0000,-0.2360000000000000000000000002
731,0.00,-2.0000000000000000000000000000,0.0000,-0.2760000000000000000000000002
732,0.00,-2.2000000000000000000000000000,0.0000,-0.3200000000000000000000000002
733,0.00,-2.4000000000000000000000000000,0.0000,-0.3680000000000000000000000002
734,0.00,-2.6000000000000000000000000000,0.0000,-0.4200000000000000000000000002
735,0.00,-2.8000000000000000000000000000,0.0000,-0.4760000000000000000000000002
736,0.00,-3.0000000000000000000000000000,0.0000,-0.5360000000000000000000000002
737,0.00,-3.2000000000000000000000000000,0.0000,-0.6000000000000000000000000002
738,0.00,-3.4000000000000000000000000000,0.0000,-0.6680000000000000000000000002
739,0.00,-3.6000000000000000000000000000,0.0000,-0.7400000000000000000000000002
740,0,3.8000000000000000000000000000,0.000,-0.6839999999999999999999999998
741,0.00,3.6000000000000000000000000000,0.0000,-0.6119999999999999999999999998
742,0.00,3.4000000000000000000000000000,0.0000,-0.5439999999999999999999999998
743,0.00,3.2000000000000000000000000000,0.0000,-0.4799999999999999999999999998
744,0.00,3.0000000000000000000000000000,0.0000,-0.4199999999999999999999999998
745,0.00,2.8000000000000000000000000000,0.0000,-0.3639999999999999999999999998
746,0.00,2.6000000000000000000000000000,0.0000,-0.3119999999999999999999999998
747,0.00,2.4000000000000000000000000000,0.0000,-0.2639999999999999999999999998
748,0.00,2.2000000000000000000000000000,0.0000,-0.2199999999999999999999999998
749,0.00,2.0000000000000000000000000000,0.0000,-0.1799999999999999999999999998
750,0.00,1.8000000000000000000000000000,0.0000,-0.1439999999999999999999999998
751,0.00,1.6000000000000000000000000000,0.0000,-0.1119999999999999999999999998
752,0.00,1.4000000000000000000000000000,0.0000,-0.0839999999999999999999999998
753,0.00,1.2000000000000000000000000000,0.0000,-0.0599999999999999999999999998
754,0.00,1.0000000000000000000000000000,0.0000,-0.0399999999999999999999999998
755,0.00,0.8000000000000000000000000000,0.0000,-0.0239999999999999999999999998
756,0.00,0.6000000000000000000000000000,0.0000,-0.0119999999999999999999999998
757,0.00,0.4000000000000000000000000000,0.0000,-0.0039999999999999999999999998
758,0.00,0.2000000000000000000000000000,0.0000,0.0000000000000000000000000002
759,0.00,0.0000000000000000000000000000,0.0000,0.0000000000000000000000000002
760,0.00,-0.2000000000000000000000000000,0.0000,-0.0039999999999999999999999998
761,0.00,-0.4000000000000000000000000000,0.0000,-0.0119999999999999999999999998
762,0.00,-0.6000000000000000000000000000,0.0000,-0.0239999999999999999999999998
763,0.00,-0.8000000000000000000000000000,0.0000,-0.0399999999999999999999999998
764,0.00,-1.0000000000000000000000000000,0.0000,-0.0599999999999999999999999998
765,0.00,-1.2000000000000000000000000000,0.0000,-0.0839999999999999999999999998
766,0.00,-1.4000000000000000000000000000,0.0000,-0.1119999999999999999999999998
767,0.00,-1.6000000000000000000000000000,0.0000,-0.1439999999999999999999999998
768,0.00,-1.8000000000000000000000000000,0.0000,-0.1799999999999999999999999998
769,0.00,-2.0000000000000000000000000000,0.0000,-0.2199999999999999999999999998
770,0.00,-2.2000000000000000000000000000,0.0000,-0.2639999999999999999999999998
771,0.00,-2.4000000000000000000000000000,0.0000,-0.3119999999999999999999999998
772,0.00,-2.6000000000000000000000000000,0.0000,-0.3639999999999999999999999998
773,0.00,-2.8000000000000000000000000000,0.0000,-0.4199999999999999999999999998
774,0.00,-3.0000000000000000000000000000,0.0000,-0.4799999999999999999999999998
775,0.00,-3.2000000000000000000000000000,0.0000,-0.5439999999999999999999999998
776,0.00,-3.4000000000000000000000000000,0.0000,-0.6119999999999999999999999998
777,0.00,-3.6000000000000000000000000000,0.0000,-0.6839999999999999999999999998
778,0,3.8000000000000000000000000000,0.000,-0.7400000000000000000000000002
779,0.00,3.6000000000000000000000000000,0.0000,-0.6680000000000000000000000002
780,0.00,3.4000000000000000000000000000,0.0000,-0.6000000000000000000000000002
781,0.00,3.2000000000000000000000000000,0.0000,-0.5360000000000000000000000002
782,0.00,3.0000000000000000000000000000,0.0000,-0.4760000000000000000000000002
783,0.00,2.8000000000000000000000000000,0.0000,-0.4200000000000000000000000002
784,0.00,2.6000000000000000000000000000,0.0000,-0.3680000000000000000000000002
785,0.00,2.4000000000000000000000000000,0.0000,-0.3200000000000000000000000002
786,0.00,2.2000000000000000000000000000,0.0000,-0.2760000000000000000000000002
787,0.00,2.0000000000000000000000000000,0.0000,-0.2360000000000000000000000002
788,0.00,1.8000000000000000000000000000,0.0000,-0.2000000000000000000000000002
789,0.00,1.6000000000000000000000000000,0.0000,-0.1680000000000000000000000002
790,0.00,1.4000000000000000000000000000,0.0000,-0.1400000000000000000000000002
791,0.00,1.2000000000000000000000000000,0.0000,-0.1160000000000000000000000002
792,0.00,1.0000000000000000000000000000,0.0000,-0.0960000000000000000000000002
793,0.00,0.8000000000000000000000000000,0.0000,-0.0800000000000000000000000002
794,0.00,0.6000000000000000000000000000,0.0000,-0.0680000000000000000000000002
795,0.00,0.4000000000000000000000000000,0.0000,-0.0600000000000000000000000002
796,0.00,0.2000000000000000000000000000,0.0000,-0.0560000000000000000000000002
797,0.00,0.0000000000000000000000000000,0.0000,-0.0560000000000000000000000002
798,0.00,-0.2000000000000000000000000000,0.0000,-0.0600000000000000000000000002
799,0.00,-0.4000000000000000000000000000,0.0000,-0.0680000000000000000000000002
800,0.00,-0.6000000000000000000000000000,0.0000,-0.0800000000000000000000000002
801,0.00,-0.8000000000000000000000000000,0.0000,-0.0960000000000000000000000002
802,0.00,-1.0000000000000000000000000000,0.0000,-0.1160000000000000000000000002
803,0.00,-1.2000000000000000000000000000,0.0000,-0.1400000000000000000000000002
804,0.00,-1.4000000000000000000000000000,0.0000,-0.1680000000000000000000000002
805,0.00,-1.6000000000000000000000000000,0.0000,-0.2000000000000000000000000002
806,0.00,-1.8000000000000000000000000000,0.0000,-0.2360000000000000000000000002
807,0.00,-2.0000000000000000000000000000,0.0000,-0.2760000000000000000000000002
808,0.00,-2.2000000000000000000000000000,0.0000,-0.3200000000000000000000000002
809,0.00,-2.4000000000000000000000000000,0.0000,-0.3680000000000000000000000002
810,0.00,-2.6000000000000000000000000000,0.0000,-0.4200000000000000000000000002
811,0.00,-2.8000000000000000000000000000,0.0000,-0.4760000000000000000000000002
812,0.00,-3.0000000000000000000000000000,0.0000,-0.5360000000000000000000000002
813,0.00,-3.2000000000000000000000000000,0.0000,-0.6000000000000000000000000002
814,0.00,-3.4000000000000000000000000000,0.0000,-0.6680000000000000000000000002
815,0.00,-3.6000000000000000000000000000,0.0000,-0.7400000000000000000000000002
816,0,3.8000000000000000000000000000,0.000,-0.6839999999999999999999999998
817,0.00,3.6000000000000000000000000000,0.0000,-0.6119999999999999999999999998
818,0.00,3.4000000000000000000000000000,0.0000,-0.5439999999999999999999999998
819,0.00,3.2000000000000000000000000000,0.0000,-0.4799999999999999999999999998
820,0.00,3.0000000000000000000000000000,0.0000,-0.4199999999999999999999999998
821,0.00,2.8000000000000000000000000000,0.0000,-0.3639999999999999999999999998
822,0.00,2.6000000000000000000000000000,0.0000,-0.3119999999999999999999999998
823,0.00,2.4000000000000000000000000000,0.0000,-0.2639999999999999999999999998
824,0.00,2.2000000000000000000000000000,0.0000,-0.2199999999999999999999999998
825,0.00,2.0000000000000000000000000000,0.0000,-0.1799999999999999999999999998
826,0.00,1.8000000000000000000000000000,0.0000,-0.1439999999999999999999999998
827,0.00,1.6000000000000000000000000000,0.0000,-0.1119999999999999999999999998
828,0.00,1.4000000000000000000000000000,0.0000,-0.0839999999999999999999999998
829,0.00,1.2000000000000000000000000000,0.0000,-0.0599999999999999999999999998
830,0.00,1.0000000000000000000000000000,0.0000,-0.0399999999999999999999999998
831,0.00,0.8000000000000000000000000000,0.0000,-0.0239999999999999999999999998
832,0.00,0.6000000000000000000000000000,0.0000,-0.0119999999999999999999999998
833,0.00,0.4000000000000000000000000000,0.0000,-0.0039999999999999999999999998
834,0.00,0.2000000000000000000000000000,0.0000,0.0000000000000000000000000002
835,0.00,0.0000000000000000000000000000,0.0000,0.0000000000000000000000000002
836,0.00,-0.2000000000000000000000000000,0.0000,-0.0039999999999999999999999998
837,0.00,-0.4000000000000000000000000000,0.0000,-0.0119999999999999999999999998
838,0.00,-0.6000000000000000000000000000,0.0000,-0.0239999999999999999999999998
839,0.00,-0.8000000000000000000000000000,0.0000,-0.0399999999999999999999999998
840,0.00,-1.0000000000000000000000000000,0.0000,-0.0599999999999999999999999998
841,0.00,-1.2000000000000000000000000000,0.0000,-0.0839999999999999999999999998
842,0.00,-1.4000000000000000000000000000,0.0000,-0.1119999999999999999999999998
843,0.00,-1.6000000000000000000000000000,0.0000,-0.1439999999999999999999999998
844,0.00,-1.8000000000000000000000000000,0.0000,-0.1799999999999999999999999998
845,0.00,-2.0000000000000000000000000000,0.0000,-0.2199999999999999999999999998
846,0.00,-2.2000000000000000000000000000,0.0000,-0.2639999999999999999999999998
847,0.00,-2.4000000000000000000000000000,0.0000,-0.3119999999999999999999999998
848,0.00,-2.6000000000000000000000000000,0.0000,-0.3639999999999999999999999998
849,0.00,-2.8000000000000000000000000000,0.0000,-0.4199999999999999999999999998
850,0.00,-3.0000000000000000000000000000,0.0000,-0.4799999999999999999999999998
851,0.00,-3.2000000000000000000000000000,0.0000,-0.5439999999999999999999999998
852,0.00,-3.4000000000000000000000000000,0.0000,-0.6119999999999999999999999998
853,0.00,-3.6000000000000000000000000000,0.0000,-0.6839999999999999999999999998
854,0,3.8000000000000000000000000000,0.000,-0.7400000000000000000000000002
855,0.00,3.6000000000000000000000000000,0.0000,-0.6680000000000000000000000002
856,0.00,3.4000000000000000000000000000,0.0000,-0.6000000000000000000000000002
857,0.00,3.2000000000000000000000000000,0.0000,-0.5360000000000000000000000002
858,0.00,3.0000000000000000000000000000,0.0000,-0.4760000000000000000000000002
859,0.00,2.8000000000000000000000000000,0.0000,-0.4200000000000000000000000002
860,0.00,2.6000000000000000000000000000,0.0000,-0.3680000000000000000000000002
861,0.00,2.4000000000000000000000000000,0.0000,-0.3200000000000000000000000002
862,0.00,2.2000000000000000000000000000,0.0000,-0.2760000000000000000000000002
863,0.00,2.0000000000000000000000000000,0.0000,-0.2360000000000000000000000002
864,0.00,1.8000000000000000000000000000,0.0000,-0.2000000000000000000000000002
865,0.00,1.6000000000000000000000000000,0.0000,-0.1680000000000000000000000002
866,0.00,1.4000000000000000000000000000,0.0000,-0.1400000000000000000000000002
867,0.00,1.2000000000000000000000000000,0.0000,-0.1160000000000000000000000002
868,0.00,1.0000000000000000000000000000,0.0000,-0.0960000000000000000000000002
869,0.00,0.8000000000000000000000000000,0.0000,-0.0800000000000000000000000002
870,0.00,0.6000000000000000000000000000,0.0000,-0.0680000000000000000000000002
871,0.00,0.4000000000000000000000000000,0.0000,-0.0600000000000000000000000002
872,0.00,0.2000000000000000000000000000,0.0000,-0.0560000000000000000000000002
873,0.00,0.0000000000000000000000000000,0.0000,-0.0560000000000000000000000002
874,0.00,-0.2000000000000000000000000000,0.0000,-0.0600000000000000000000000002
875,0.00,-0.4000000000000000000000000000,0.0000,-0.0680000000000000000000000002
876,0.00,-0.6000000000000000000000000000,0.0000,-0.0800000000000000000000000002
877,0.00,-0.8000000000000000000000000000,0.0000,-0.0960000000000000000000000002
878,0.00,-1.0000000000000000000000000000,0.0000,-0.1160000000000000000000000002
879,0.00,-1.2000000000000000000000000000,0.0000,-0.1400000000000000000000000002
880,0.00,-1.4000000000000000000000000000,0.0000,-0.1680000000000000000000000002
881,0.00,-1.6000000000000000000000000000,0.0000,-0.2000000000000000000000000002
882,0.00,-1.8000000000000000000000000000,0.0000,-0.2360000000000000000000000002
883,0.00,-2.0000000000000000000000000000,0.0000,-0.2760000000000000000000000002
884,0.00,-2.2000000000000000000000000000,0.0000,-0.3200000000000000000000000002
885,0.00,-2.4000000000000000000000000000,0.0000,-0.3680000000000000000000000002
886,0.00,-2.6000000000000000000000000000,0.0000,-0.4200000000000000000000000002
887,0.00,-2.8000000000000000000000000000,0.0000,-0.4760000000000000000000000002
888,0.00,-3.0000000000000000000000000000,0.0000,-0.5360000000000000000000000002
889,0.00,-3.2000000000000000000000000000,0.0000,-0.6000000000000000000000000002
890,0.00,-3.4000000000000000000000000000,0.0000,-0.6680000000000000000000000002
891,0.00,-3.6000000000000000000000000000,0.0000,-0.7400000000000000000000000002
892,0,3.8000000000000000000000000000,0.000,-0.6839999999999999999999999998
893,0.00,3.6000000000000000000000000000,0.0000,-0.6119999999999999999999999998
894,0.00,3.4000000000000000000000000000,0.0000,-0.5439999999999999999999999998
895,0.00,3.2000000000000000000000000000,0.0000,-0.4799999999999999999999999998
896,0.00,3.0000000000000000000000000000,0.0000,-0.4199999999999999999999999998
897,0.00,2.8000000000000000000000000000,0.0000,-0.3639999999999999999999999998
898,0.00,2.6000000000000000000000000000,0.0000,-0.3119999999999999999999999998
899,0.00,2.4000000000000000000000000000,0.0000,-0.2639999999999999999999999998
900,0.00,2.2000000000000000000000000000,0.0000,-0.2199999999999999999999999998
901,0.00,2.0000000000000000000000000000,0.0000,-0.1799999999999999999999999998
902,0.00,1.8000000000000000000000000000,0.0000,-0.1439999999999999999999999998
903,0.00,1.6000000000000000000000000000,0.0000,-0.1119999999999999999999999998
904,0.00,1.4000000000000000000000000000,0.0000,-0.0839999999999999999999999998
905,0.00,1.2000000000000000000000000000,0.0000,-0.0599999999999999999999999998
906,0.00,1.0000000000000000000000000000,0.0000,-0.0399999999999999999999999998
907,0.00,0.8000000000000000000000000000,0.0000,-0.0239999999999999999999999998
908,0.00,0.6000000000000000000000000000,0.0000,-0.0119999999999999999999999998
909,0.00,0.4000000000000000000000000000,0.0000,-0.0039999999999999999999999998
910,0.00,0.2000000000000000000000000000,0.0000,0.0000000000000000000000000002
911,0.00,0.0000000000000000000000000000,0.0000,0.0000000000000000000000000002
912,0.00,-0.2000000000000000000000000000,0.0000,-0.0039999999999999999999999998
913,0.00,-0.4000000000000000000000000000,0.0000,-0.0119999999999999999999999998
914,0.00,-0.6000000000000000000000000000,0.0000,-0.0239999999999999999999999998
915,0.00,-0.8000000000000000000000000000,0.0000,-0.0399999999999999999999999998
916,0.00,-1.0000000000000000000000000000,0.0000,-0.0599999999999999999999999998
917,0.00,-1.2000000000000000000000000000,0.0000,-0.0839999999999999999999999998
918,0.00,-1.4000000000000000000000000000,0.0000,-0.1119999999999999999999999998
919,0.00,-1.6000000000000000000000000000,0.0000,-0.1439999999999999999999999998
920,0.00,-1.8000000000000000000000000000,0.0000,-0.1799999999999999999999999998
921,0.00,-2.0000000000000000000000000000,0.0000,-0.2199999999999999999999999998
922,0.00,-2.2000000000000000000000000000,0.0000,-0.2639999999999999999999999998
923,0.00,-2.4000000000000000000000000000,0.0000,-0.3119999999999999999999999998
924,0.00,-2.6000000000000000000000000000,0.0000,-0.3639999999999999999999999998
925,0.00,-2.8000000000000000000000000000,0.0000,-0.4199999999999999999999999998
926,0.00,-3.0000000000000000000000000000,0.0000,-0.4799999999999999999999999998
927,0.00,-3.2000000000000000000000000000,0.0000,-0.5439999999999999999999999998
928,0.00,-3.4000000000000000000000000000,0.0000,-0.6119999999999999999999999998
929,0.00,-3.6000000000000000000000000000,0.0000,-0.6839999999999999999999999998
930,0,3.8000000000000000000000000000,0.000,-0.7400000000000000000000000002
931,0.00,3.6000000000000000000000000000,0.0000,-0.6680000000000000000000000002
932,0.00,3.4000000000000000000000000000,0.0000,-0.6000000000000000000000000002
933,0.00,3.2000000000000000000000000000,0.0000,-0.5360000000000000000000000002
934,0.00,3.0000000000000000000000000000,0.0000,-0.4760000000000000000000000002
935,0.00,2.8000000000000000000000000000,0.0000,-0.4200000000000000000000000002
936,0.00,2.6000000000000000000000000000,0.0000,-0.3680000000000000000000000002
937,0.00,2.4000000000000000000000000000,0.0000,-0.3200000000000000000000000002
938,0.00,2.2000000000000000000000000000,0.0000,-0.2760000000000000000000000002
939,0.00,2.0000000000000000000000000000,0.0000,-0.2360000000000000000000000002
940,0.00,1.8000000000000000000000000000,0.0000,-0.2000000000000000000000000002
941,0.00,1.6000000000000000000000000000,0.0000,-0.1680000000000000000000000002
942,0.00,1.4000000000000000000000000000,0.0000,-0.1400000000000000000000000002
943,0.00,1.2000000000000000000000000000,0.0000,-0.1160000000000000000000000002
944,0.00,1.0000000000000000000000000000,0.0000,-0.0960000000000000000000000002
945,0.00,0.8000000000000000000000000000,0.0000,-0.0800000000000000000000000002
946,0.00,0.6000000000000000000000000000,0.0000,-0.0680000000000000000000000002
947,0.00,0.4000000000000000000000000000,0.0000,-0.0600000000000000000000000002
948,0.00,0.2000000000000000000000000000,0.0000,-0.0560000000000000000000000002
949,0.00,0.0000000000000000000000000000,0.0000,-0.0560000000000000000000000002
950,0.00,-0.2000000000000000000000000000,0.0000,-0.0600000000000000000000000002
951,0.00,-0.4000000000000000000000000000,0.0000,-0.0680000000000000000000000002
952,0.00,-0.6000000000000000000000000000,0.0000,-0.0800000000000000000000000002
953,0.00,-0.8000000000000000000000000000,0.0000,-0.0960000000000000000000000002
954,0.00,-1.0000000000000000000000000000,0.0000,-0.1160000000000000000000000002
955,0.00,-1.2000000000000000000000000000,0.0000,-0.1400000000000000000000000002
956,0.00,-1.4000000000000000000000000000,0.0000,-0.1680000000000000000000000002
957,0.00,-1.6000000000000000000000000000,0.0000,-0.2000000000000000000000000002
958,0.00,-1.8000000000000000000000000000,0.0000,-0.2360000000000000000000000002
959,0.00,-2.0000000000000000000000000000,0.0000,-0.2760000000000000000000000002
960,0.00,-2.2000000000000000000000000000,0.0000,-0.3200000000000000000000000002
961,0.00,-2.4000000000000000000000000000,0.0000,-0.3680000000000000000000000002
962,0.00,-2.6000000000000000000000000000,0.0000,-0.4200000000000000000000000002
963,0.00,-2.8000000000000000000000000000,0.0000,-0.4760000000000000000000000002
964,0.00,-3.0000000000000000000000000000,0.0000,-0.5360000000000000000000000002
965,0.00,-3.2000000000000000000000000000,0.0000,-0.6000000000000000000000000002
966,0.00,-3.4000000000000000000000000000,0.0000,-0.6680000000000000000000000002
967,0.00,-3.6000000000000000000000000000,0.0000,-0.7400000000000000000000000002
968,0,3.8000000000000000000000000000,0.000,-0.6839999999999999999999999998
969,0.00,3.6000000000000000000000000000,0.0000,-0.6119999999999999999999999998
970,0.00,3.4000000000000000000000000000,0.0000,-0.5439999999999999999999999998
971,0.00,3.2000000000000000000000000000,0.0000,-0.4799999999999999999999999998
972,0.00,3.0000000000000000000000000000,0.0000,-0.4199999999999999999999999998
973,0.00,2.8000000000000000000000000000,0.0000,-0.3639999999999999999999999998
974,0.00,2.6000000000000000000000000000,0.0000,-0.3119999999999999999999999998
975,0.00,2.4000000000000000000000000000,0.0000,-0.2639999999999999999999999998
976,0.00,2.2000000000000000000000000000,0.0000,-0.2199999999999999999999999998
977,0.00,2.0000000000000000000000000000,0.0000,-0.1799999999999999999999999998
978,0.00,1.8000000000000000000000000000,0.0000,-0.1439999999999999999999999998
979,0.00,1.6000000000000000000000000000,0.0000,-0.1119999999999999999999999998
980,0.00,1.4000000000000000000000000000,0.0000,-0.0839999999999999999999999998
981,0.00,1.2000000000000000000000000000,0.0000,-0.0599999999999999999999999998
982,0.00,1.0000000000000000000000000000,0.0000,-0.0399999999999999999999999998
983,0.00,0.8000000000000000000000000000,0.0000,-0.0239999999999999999999999998
984,0.00,0.6000000000000000000000000000,0.0000,-0.0119999999999999999999999998
985,0.00,0.4000000000000000000000000000,0.0000,-0.0039999999999999999999999998
986,0.00,0.2000000000000000000000000000,0.0000,0.0000000000000000000000000002
987,0.00,0.0000000000000000000000000000,0.0000,0.0000000000000000000000000002
988,0.00,-0.2000000000000000000000000000,0.0000,-0.0039999999999999999999999998
989,0.00,-0.4000000000000000000000000000,0.0000,-0.0119999999999999999999999998
990,0.00,-0.6000000000000000000000000000,0.0000,-0.0239999999999999999999999998
991,0.00,-0.8000000000000000000000000000,0.0000,-0.0399999999999999999999999998
992,0.00,-1.0000000000000000000000000000,0.0000,-0.0599999999999999999999999998
993,0.00,-1.2000000000000000000000000000,0.0000,-0.0839999999999999999999999998
994,0.00,-1.4000000000000000000000000000,0.0000,-0.1119999999999999999999999998
995,0.00,-1.6000000000000000000000000000,0.0000,-0.1439999999999999999999999998
996,0.00,-1.8000000000000000000000000000,0.0000,-0.1799999999999999999999999998
997,0.00,-2.0000000000000000000000000000,0.0000,-0.2199999999999999999999999998
998,0.00,-2.2000000000000000000000000000,0.0000,-0.2639999999999999999999999998
999,0.00,-2.4000000000000000000000000000,0.0000,-0.3119999999999999999999999998
